<?xml version="1.0" encoding="UTF-8"?>
<!DOCTYPE fontscolors PUBLIC "-//NetBeans//DTD Editor Fonts and Colors settings 1.1//EN" "http://www.netbeans.org/dtds/EditorFontsColors-1_1.dtd">
<fontscolors>
    <fontcolor name="mod-class" waveUnderlined="red"/>
    <fontcolor default="identifier" foreColor="ff989860" name="argument"/>
    <fontcolor name="mod-method">
        <font style="bold"/>
    </fontcolor>
    <fontcolor default="default" foreColor="ff9999ff" name="value"/>
    <fontcolor default="operator" foreColor="gray" name="operator"/>
    <fontcolor default="char" foreColor="pink" name="character"/>
</fontscolors>
