<?xml version="1.0" encoding="UTF-8"?>
<!DOCTYPE fontscolors PUBLIC "-//NetBeans//DTD Editor Fonts and Colors settings 1.1//EN" "http://www.netbeans.org/dtds/EditorFontsColors-1_1.dtd">
<fontscolors>
    <fontcolor default="default" foreColor="ff407fa6" name="sgml-declaration"/>
    <fontcolor default="markup-attribute" name="argument"/>
    <fontcolor default="default" name="text"/>
    <fontcolor name="mod-method">
        <font style="bold"/>
    </fontcolor>
    <fontcolor bgColor="ff2b2b2b" default="error" name="error" waveUnderlined="red"/>
    <fontcolor default="default" name="css-embedded"/>
    <fontcolor default="comment" name="tag">
        <font style="bold"/>
    </fontcolor>
    <fontcolor default="comment" name="sgml-comment"/>
    <fontcolor default="whitespace" name="ws"/>
    <fontcolor default="argument" foreColor="ff80bfbf" name="operator"/>
    <fontcolor default="entity-reference" foreColor="ff80bf9b" name="character"/>
    <fontcolor name="mod-class"/>
    <fontcolor default="default" name="javascript-embedded"/>
    <fontcolor default="markup-attribute-value" name="value"/>
    <fontcolor default="comment" name="block-comment"/>
</fontscolors>
