<?xml version="1.0" encoding="UTF-8"?>
<!DOCTYPE fontscolors PUBLIC "-//NetBeans//DTD Editor Fonts and Colors settings 1.1//EN" "http://www.netbeans.org/dtds/EditorFontsColors-1_1.dtd">
<fontscolors>
    <fontcolor foreColor="red" name="error"/>
    <fontcolor name="equals"/>
    <fontcolor foreColor="ff407fa6" name="name"/>
    <fontcolor name="whitespace"/>
    <fontcolor foreColor="ffd9d7ba" name="value"/>
    <fontcolor foreColor="ff969696" name="comment"/>
    <fontcolor foreColor="ff80bf9b" name="section">
        <font style="bold"/>
    </fontcolor>
</fontscolors>
