<?xml version="1.0" encoding="UTF-8"?>
<!DOCTYPE fontscolors PUBLIC "-//NetBeans//DTD Editor Fonts and Colors settings 1.1//EN" "http://www.netbeans.org/dtds/EditorFontsColors-1_1.dtd">
<fontscolors>
    <fontcolor default="whitespace" name="fortran-whitespace"/>
    <fontcolor default="string" name="fortran-user-include"/>
    <fontcolor default="char" name="fortran-preprocessor">
        <font style="bold"/>
    </fontcolor>
    <fontcolor default="identifier" name="fortran-identifier"/>
    <fontcolor default="comment" name="fortran-line-comment"/>
    <fontcolor default="string" name="preprocessor-system-include-literal"/>
    <fontcolor default="preprocessor" name="preprocessor-keyword-directive"/>
    <fontcolor default="char" name="character"/>
    <fontcolor foreColor="ff009b00" name="preprocessor"/>
    <fontcolor default="keyword" name="keyword-operator"/>
    <fontcolor default="error" name="errors"/>
    <fontcolor default="char" name="fortran-char-literal"/>
    <fontcolor default="operator" name="fortran-operators"/>
    <fontcolor default="operator" name="fortran-keyword-operators"/>
    <fontcolor default="char" name="fortran-special-characters"/>
    <fontcolor default="keyword" name="fortran-keywords"/>
    <fontcolor default="identifier" name="preprocessor-identifier"/>
    <fontcolor default="comment" name="fortran-block-comment"/>
    <fontcolor default="string" name="preprocessor-user-include-literal"/>
    <fontcolor default="keyword" name="keyword-directive"/>
    <fontcolor default="keyword" name="keyword"/>
    <fontcolor default="whitespace" name="whitespace"/>
    <fontcolor default="string" name="string-escape">
        <font style="bold"/>
    </fontcolor>
    <fontcolor default="number" name="number"/>
    <fontcolor default="operator" name="operator"/>
    <fontcolor default="number" name="fortran-numeric-literals"/>
    <fontcolor default="string" name="string-escape-invalid" waveUnderlined="ffce7b00">
        <font style="bold"/>
    </fontcolor>
    <fontcolor default="string" name="fortran-sys-include"/>
    <fontcolor bgColor="ff2b2b2b" default="error" name="fortran-errors" waveUnderlined="red"/>
    <fontcolor default="string" name="fortran-string-literal"/>
    <fontcolor default="string" name="string"/>
    <fontcolor default="preprocessor-keyword-directive" name="preprocessor-keyword"/>
    <fontcolor default="comment" name="comment"/>
    <fontcolor default="identifier" name="identifier"/>
    <fontcolor default="separator" name="separator"/>
    <fontcolor default="keyword" name="literal"/>
</fontscolors>
