<?xml version="1.0" encoding="UTF-8"?>
<!DOCTYPE fontscolors PUBLIC "-//NetBeans//DTD Editor Fonts and Colors settings 1.1//EN" "http://www.netbeans.org/dtds/EditorFontsColors-1_1.dtd">
<fontscolors>
    <fontcolor name="mod-constructor"/>
    <fontcolor default="identifier" name="mod-local-variable-declaration"/>
    <fontcolor name="mod-method"/>
    <fontcolor default="identifier" foreColor="pink" name="mod-parameter-declaration"/>
    <fontcolor foreColor="ffff9999" name="mod-parameter"/>
    <fontcolor default="identifier" name="mod-interface-declaration"/>
    <fontcolor default="identifier" name="mod-enum-declaration"/>
    <fontcolor default="string" name="string-escape"/>
    <fontcolor default="identifier" name="mod-class-declaration"/>
    <fontcolor default="identifier" name="mod-constructor-declaration"/>
    <fontcolor default="default" foreColor="ff99ffcc" name="html-tag"/>
    <fontcolor default="comment" foreColor="ff99ffcc" name="javadoc-tag">
        <font style="plain"/>
    </fontcolor>
    <fontcolor bgColor="ff003333" name="mark-occurrences"/>
    <fontcolor bgColor="ff990000" default="error" name="errors"/>
    <fontcolor foreColor="ffccffcc" name="mod-field"/>
    <fontcolor default="identifier" name="mod-annotation-type-declaration"/>
    <fontcolor default="method" name="mod-method-declaration"/>
    <fontcolor default="field" foreColor="ff66ff66" name="mod-field-declaration"/>
</fontscolors>
