<?xml version="1.0" encoding="UTF-8"?>
<!DOCTYPE fontscolors PUBLIC "-//NetBeans//DTD Editor Fonts and Colors settings 1.1//EN" "http://www.netbeans.org/dtds/EditorFontsColors-1_1.dtd">
<fontscolors>
    <fontcolor bgColor="ff2b2b2b" foreColor="white" name="error" waveUnderlined="red"/>
    <fontcolor foreColor="white" name="char"/>
    <fontcolor foreColor="ff80bfbf" name="keyword"/>
    <fontcolor name="whitespace"/>
    <fontcolor foreColor="ff87bf64" name="number"/>
    <fontcolor default="keyword" name="markup-element"/>
    <fontcolor foreColor="ff80bfbf" name="operator"/>
    <fontcolor name="url" underline="ff509dcd"/>
    <fontcolor default="identifier" name="field"/>
    <fontcolor bgColor="black" foreColor="ffe2e2e2" name="default">
        <font name="Menlo" size="13"/>
    </fontcolor>
    <fontcolor foreColor="ff80bf9b" name="string"/>
    <fontcolor default="string" name="markup-attribute-value"/>
    <fontcolor default="default" name="entity-reference"/>
    <fontcolor default="identifier" foreColor="white" name="method"/>
    <fontcolor foreColor="ff7b7b7b" name="comment">
        <font style="italic"/>
    </fontcolor>
    <fontcolor name="identifier"/>
    <fontcolor name="warning" waveUnderlined="yellow"/>
    <fontcolor foreColor="ff7b7b7b" name="separator"/>
    <fontcolor default="field" name="markup-attribute"/>
</fontscolors>
